بخش,نقش/سمت,نام
معرفی,عنوان فیلم,مرجان (Marjan)
معرفی,تهیه‌کننده، نویسنده و کارگردان,سید میلاد بنی‌طباء
معرفی,,فرید سجاد حسینی
معرفی,,هامون سیدی
معرفی,,مرتضی امینی‌تبار
معرفی,,شیوا طاهری
معرفی,با حضور,علیرضا جلالی‌تبار
معرفی,با نقش‌آفرینی,صحرا اسدالهی
معرفی,با نقش‌آفرینی,سهند جاهدی
معرفی,با معرفی,ابوذر امرایی
معرفی,,مژگان چمبری
معرفی,,مهری آل‌آقا
معرفی,,ناهید ادبی
معرفی,,مهیار راحت‌طلب
معرفی,,فریبرز اخلاقی
معرفی,مجری طرح,مهدی چراغی
معرفی,تدوین,منوچهر صانعی
معرفی,طراحی و ترکیب صدا,ندا محسنی
معرفی,مدیر صدابرداری,بابک نیازی
معرفی,طراح چهره‌پردازی,ثمره برازنده
معرفی,طراح صحنه و لباس,حمیده عابدی
معرفی,موسیقی,نیکان واحد
بازیگران,,آنیسا شمامی
بازیگران,,مهرسا پورقادر
بازیگران,,پندار نیک
بازیگران,,سمیه عبدلی
بازیگران,,حمیدرضا ولی‌منش
بازیگران,,ثنا آسیابانی
بازیگران,,راحیل اسکندری
بازیگران,,محمد براتی
بازیگران,,حامد براتی
بازیگران,,محمد معین مردانلو
بازیگران,,محمد رستمی سرآوری
بازیگران,,فرزانه کرمی
بازیگران,حامی اخلاقی,محمد امین اخلاقی
بازیگران,,رضا ثابت
بازیگران,,امیرقاسمی
بازیگران,,رضوانه رودسرابی
بازیگران,,ابوالفضل محمدی
بازیگران,,قاسم اسدی
گروه کارگردانی,دستیار کارگردان و برنامه‌ریز,بهتاش مرادی‌زاده
گروه کارگردانی,منشی صحنه,مائده رفیعی
گروه کارگردانی,دستیاران کارگردان,پریناز عبائیان
گروه کارگردانی,دستیاران کارگردان,امیر قاسمی
گروه کارگردانی,بازیگردان کودکان,اکبر یزدانی
گروه کارگردانی,عکاس,بهنوش موسوی‌ماکوئی
گروه کارگردانی,دستیار نویسنده,ریحانه هنرمند
گروه کارگردانی,با تشکر از,مهدی مطلبی
گروه کارگردانی,با تشکر از,ایرج کریمی
گروه فیلمبرداری,دستیار یک فیلمبردار,رضا ثابت
گروه فیلمبرداری,دستیاران,فرهاد عبدی
گروه فیلمبرداری,دستیاران,محمد مهدی حسینی
گروه فیلمبرداری,دستیاران,عرفان همتی
گروه فیلمبرداری,دستیاران,مهیار مصیب‌زاده
گروه فیلمبرداری,دستیاران,امیر حسین صفری
گروه فیلمبرداری,پشتیبانی فنی,کمپانی تجهیزات سینمایی اشک خونی
گروه فیلمبرداری,با حمایت,امیر اشک‌خونی
گروه صدابرداری,دستیار یک صدا,امین آسترکی
گروه صدابرداری,دستیار صدا,ابوالفضل محمدی
گروه صدابرداری,امور فنی صدا,استودیو بهمن
گروه چهره‌پردازی,مجری بانوان,مهسا سرافراز
گروه چهره‌پردازی,,صحرا شمس
گروه چهره‌پردازی,مجری آقایان,محمد صادقی
گروه چهره‌پردازی,,اسماعیل هادی
گروه صحنه و لباس,دستیار صحنه,امید عابدینی
گروه صحنه و لباس,,محمد براتی
گروه صحنه و لباس,دستیار لباس,ستایش زارعی
لابراتوار دیجیتال,لابراتوار دیجیتال,استودیو فیلمچی
لابراتوار دیجیتال,اصلاح رنگ و نور,میلاد فرج‌اللهی
لابراتوار دیجیتال,مسترینگ و DCP,امید مداح
لابراتوار دیجیتال,کپی و کانورت,احسان حسنی
لابراتوار دیجیتال,با تشکر از,شرکت آرمین رسانه
آنونس,نوحه‌خوان,مصطفی
جلوه‌های ویژه بصری,طراح,محمدرضا رضی
جلوه‌های ویژه بصری,اجرا,محمدمهدی خمسه
جلوه‌های ویژه بصری,لوگو,افسانه قنبری
جلوه‌های ویژه بصری,موشن,امیرعلی رضایی
گروه رسانه,مدیر تبلیغات,محمدرضا رضی
گروه رسانه,هماهنگی,فرشاد اسماعیلی
گروه رسانه,تیزر,سپهر کرمی
گروه تهیه و تولید,تهیه‌کننده,سید میلاد بنی‌طباء
گروه تهیه و تولید,دستیار تهیه‌کننده,ابوذر امرایی
گروه تهیه و تولید,مدیر تولید,فریبرز اخلاقی
گروه تهیه و تولید,جانشین تولید,آرش امجدی
گروه تهیه و تولید,امور مالی,مژگان بنی‌طباء
گروه تهیه و تولید,هماهنگی تولید,لیلا خیری
گروه تهیه و تولید,مدیر تدارکات,برادران براتی
گروه تهیه و تولید,دستیاران تدارکات,عبدل کریم خدایی
گروه تهیه و تولید,,مالک خدایی
گروه تهیه و تولید,,محمد حسین زنگنه
گروه تهیه و تولید,همیاران تولید,میلاد بیگدلی
گروه تهیه و تولید,,نگین بهرامی
گروه تهیه و تولید,حمل و نقل,قاسم اسدی
گروه تهیه و تولید,سینه موبیل,رضا بختیاری
با تشکر از,,حمیدرضا تربتیان
با تشکر از,,امیر سمواتی
با تشکر از,,احسان سجادی حسینی
با تشکر از,,سیامک نیازی
با تشکر از,,بهزاد دورانی
با تشکر از,,امیرمحمد متقیان
با تشکر از,,حامی جهانی
با تشکر از,,سید محسن بنی‌طباء
با تشکر از,,هانیه بساطینی
با تشکر از,,مجتبی حبیب‌اللهی
با تشکر از,,مهرداد شاهمیرزایی
با تشکر از,,نیکا حسنی
با تشکر از,,مجید اکبری
با تشکر از,,معصومه جمشیدی
با تشکر از,,شیوا خسرومهر
با تشکر از,,مهرداد منوچهری
با تشکر از,,مهرداد افراسیابی
با تشکر از,,فرشته کرمی
با تشکر از,,امیر خیری
با تشکر از,,دکتر حمید موذنی
با تشکر از,,حسن کامران
با تشکر از,,آستان مقدس امامزادگان جعفر و حمیده خاتون (ع)
با تشکر از,,سازمان سینمایی وزارت فرهنگ و ارشاد
با تشکر از,,شهرداری تهران بزرگ
با تشکر از,,سازمان سینمایی ناجا
با تشکر از,,بیمارستان عمل تهران
با تشکر از,,کلینیک لومینوس به مدیریت خانم عباسی
با تشکر از,,اهالی محترم محله‌های مجیدیه شمالی
با تشکر از,,امین حضور و شهرری
با تشکر از,,و همه عزیزانی که در تهیه این فیلم ما را یاری رساندند
تقدیم,,تقدیم به روح بلند پدرم زنده‌یاد سید محمد بنی‌طباء
